Accuracy,Precision,Recall,F1-Score,Roc_Auc
0.18396226415094338,0.18396226415094338,1.0,0.3107569721115538,0.5
0.16037735849056603,0.13227513227513227,0.6410256410256411,0.21929824561403508,0.3465243812064622
0.19811320754716982,0.13812154696132597,0.6410256410256411,0.2272727272727273,0.36964576848969916
0.8301886792452831,1.0,0.07692307692307693,0.14285714285714288,0.5384615384615384
0.8160377358490566,0.0,0.0,0.0,0.5
